<?xml version="1.0" encoding="UTF-8"?>
<!DOCTYPE sqlMap PUBLIC "-//iBATIS.com//DTD SQL Map 2.0//EN" "http://www.ibatis.com/dtd/sql-map-2.dtd">

<sqlMap namespace="Tp">

	<typeAlias  alias="egovMap" type="egovframework.rte.psl.dataaccess.util.EgovMap"/>
	<typeAlias  alias="userVO" type="egovframework.example.tp.service.UserVO"/>
	<typeAlias  alias="boardVO" type="egovframework.example.tp.service.BoardVO"/>
	<typeAlias  alias="searchVO2" type="egovframework.example.tp.service.TpDefaultVO"/>

	<!-- <insert id="sampleDAO.insertSample">
		<![CDATA[
			INSERT INTO SAMPLE 
				( ID
				  , NAME
				  , DESCRIPTION
				  , USE_YN
				  , REG_USER )
			VALUES ( #id#
				  , #name#
				  , #description#
				  , #useYn#
				  , #regUser# )
		]]>
	</insert> -->
	<insert id="tpDAO.insertUser">
		INSERT INTO USER
			(	ID
				, PW
				, NAME
				, DATE)
		VALUES(	#id#
				, #pw#
				, #name#
				, sysdate() 
		)
	</insert>
	
	<select id="tpDAO.checkUserLogin" parameterClass="userVO" resultClass="int">
		SELECT COUNT(*) FROM USER WHERE ID=#id# AND PW=#pw#
	</select>
	
	<select id="tpDAO.selectUserInfo" parameterClass="userVO" resultClass="userVO">
		SELECT ID, NAME, DATE FROM USER WHERE ID = #id#
	</select>
	
	<select id="tpDAO.selectBoardList" parameterClass="searchVO2" resultClass="egovMap">
		SELECT BNO, BWRITER, BTITLE, BCONTENT, BDATE, HIT, NCHECK
		FROM BOARD
		WHERE 1=1
		<isEqual prepend="AND" property="ncheck" compareValue="0">
				NCHECK NOT IN ('Y')
		</isEqual>
		<isEqual prepend="AND" property="ncheck" compareValue="1">
				NCHECK NOT IN ('N')
		</isEqual>
		<isEqual prepend="AND" property="searchCondition" compareValue="0">
				BWRITER LIKE CONCAT("%", #searchKeyword#, "%")
		</isEqual>
		<isEqual prepend="AND" property="searchCondition" compareValue="1">
				BTITLE LIKE CONCAT("%", #searchKeyword#, "%")
		</isEqual>
		<isEqual prepend="AND" property="searchCondition" compareValue="2">
				BCONTENT LIKE CONCAT("%", #searchKeyword#, "%")
		</isEqual>
		<isEqual prepend="AND" property="searchCondition" compareValue="3">
				BWRITER LIKE CONCAT("%", #searchKeyword#, "%")
				OR
				BTITLE LIKE CONCAT("%", #searchKeyword#, "%")
				OR
				BCONTENT LIKE CONCAT("%", #searchKeyword#, "%")
		</isEqual>
				ORDER BY BNO DESC
				LIMIT #recordCountPerPage# OFFSET #firstIndex#
	</select>
	
	<select id="tpDAO.selectBoardListTotCnt" parameterClass="searchVO2" resultClass="int">
		SELECT COUNT(*) totcnt
		FROM BOARD
		WHERE 1=1
		<isEqual prepend="AND" property="ncheck" compareValue="0">
				NCHECK NOT IN ('Y')
		</isEqual>
		<isEqual prepend="AND" property="ncheck" compareValue="1">
				NCHECK NOT IN ('N')
		</isEqual>
		<isEqual prepend="AND" property="searchCondition" compareValue="0">
				BWRITER LIKE CONCAT("%", #searchKeyword#, "%")
		</isEqual>
		<isEqual prepend="AND" property="searchCondition" compareValue="1">
				BTITLE LIKE CONCAT("%", #searchKeyword#, "%")
		</isEqual>
		<isEqual prepend="AND" property="searchCondition" compareValue="2">
				BCONTENT LIKE CONCAT("%", #searchKeyword#, "%")
		</isEqual>
		<isEqual prepend="AND" property="searchCondition" compareValue="3">
				BWRITER LIKE CONCAT("%", #searchKeyword#, "%")
				OR
				BTITLE LIKE CONCAT("%", #searchKeyword#, "%")
				OR
				BCONTENT LIKE CONCAT("%", #searchKeyword#, "%")
		</isEqual>
	</select>
	
	<select id="tpDAO.findbNo" resultClass="int">
		SELECT MAX(BNO)+1 FROM BOARD
	</select>
	
	<insert id="tpDAO.insertArticle" parameterClass="boardVO">
		INSERT INTO BOARD (BNO, BWRITER, BTITLE, BCONTENT, BDATE, NCHECK)
		VALUES
		(	 #bno# 
			, #bwriter#
			, #btitle#
			, #bcontent#
			, sysdate()
			, #ncheck#
			)
	</insert>
	
	<select id="tpDAO.selectArticleOne" parameterClass="boardVO" resultClass="boardVO">
		SELECT BNO, BWRITER, BTITLE, BCONTENT, BDATE, HIT, NCHECK
		FROM BOARD WHERE BNO = #bno#
	</select>
	
	<update id="tpDAO.selectArticleUpdate" parameterClass="boardVO">
		UPDATE BOARD
		SET BTITLE = #btitle#, BCONTENT = #bcontent#, NCHECK = #ncheck#
		WHERE BNO = #bno#
	</update>
	
	<delete id="tpDAO.selectArticleDelete" parameterClass="boardVO">
		DELETE FROM BOARD
		WHERE BNO = #bno#
	</delete>
	
	<update id="tpDAO.selectArticleHitUpdate" parameterClass="boardVO">
		UPDATE BOARD 
		SET HIT = HIT + 1
		WHERE BNO = #bno# 
	</update>
	
	<select id="tpDAO.selectNoticeArticleList" resultClass="boardVO">
		SELECT BNO, BWRITER, BTITLE, BCONTENT, BDATE, HIT, NCHECK
		FROM BOARD
		WHERE NCHECK = 'Y'
	</select>
	
	<select id="tpDAO.selectUserIdCheck" resultClass="int" parameterClass="userVO">
		SELECT COUNT(*) FROM USER WHERE ID = #id#
	</select>
</sqlMap>
